Movie,imdb_id
Chak De India,871510
Don: The Chase Begins Again,461936
Hum Saath-Saath Hain: We Stand United,216817
Mangal Pandey: The Rising,346457
Hum Dil De Chuke Sanam,150992
Salaam-e-Ishq: A Tribute to Love,485272
Gangs Of Wasseypur 2,30061238
Taxi No. 9211,476884
Hum Kisise Kum Nahin,15731198
Bhoomi (film),37658974
Mr. and Mrs. Khiladi,162480
Ram Jaane 1995,114231
Prem Granth,117374
Dil Ne Jise Apna Kahaa,396563
Roti Kapda Aur Makaan,36871212
Zamana Deewana,115042
Dil Hai Ke Manta Nahin,101733
Phool Aur Paththar,139525
